Word,Count,Positive TFIDF,Neutral TFIDF,Negative TFIDF
abillira,1,1,1.001081523,1
abrih,1,1.003656368,1,1
abril,1,1,1.001221026,1
abusadu,2,1,1,1.003215637
abut,3,1.00330538,1.001058347,1.002012998
acap,1,1.003531743,1,1
adbiyintu,1,1,1.001112523,1
adlaw,3,1,1.001370913,1.002112417
adlawa,1,1.003344806,1,1
administrasy,2,1,1,1.002394258
adtu,2,1,1.001187503,1
adtung,7,1.003531743,1.002165107,1.002027967
adunay,3,1.004119083,1.001314029,1
aging,2,1,1.001112523,1.001984974
agnisi,1,1,1.001365697,1
ahat,1,1,1.001377584,1
ahinsiya,1,1,1.001124579,1
ahinsya,4,1.003531743,1.001315324,1.002198019
akbay,2,1,1.001537683,1
aksidinti,1,1,1.001221026,1
aksiy,1,1,1,1.0020334
aktuwal,1,1,1,1.001960236
akung,12,1,1.002830313,1.003206866
akusah,1,1,1,1.002198019
alarma,1,1,1,1.002112417
alarmah,1,1,1.001438032,1
albirtu,1,1,1.001275278,1
albuira,2,1,1,1.002490868
aligasy,1,1,1,1.001925649
alimpus,1,1,1.001365697,1
almacin,2,1,1.001626626,1
alsa,1,1,1,1.002081289
alsica,1,1,1.001365697,1
alvin,1,1,1.001071835,1
alyansa,2,1,1.001336185,1
alyansang,1,1,1.001221026,1
amah,1,1,1,1.001950224
ambut,3,1,1.001813408,1.0020334
anaa,1,1,1.001221026,1
anak,3,1,1.001211556,1.002142368
andal,1,1,1.001081523,1
andam,2,1,1.001245595,1.002131416
angay,2,1.003426329,1.001395415,1
anha,3,1,1.001527431,1
anhi,1,1,1,1.002183046
anhing,1,1,1.001131671,1
anhinsiya,1,1.003745386,1,1
anibirsaryu,1,1,1.001131671,1
anthuny,1,1,1.001081523,1
antibungbung,1,1,1.001159025,1
antiubiutics,1,1,1.001201299,1
antuniu,3,1,1.001362019,1.001918882
anuchi,1,1,1.001081523,1
anug,2,1,1.001275278,1.002626029
anyus,1,1,1,1.002150463
apil,4,1,1.001320147,1.002998377
aprubah,1,1,1,1.002081289
apud,2,1.005248796,1,1
aquiinu,1,1,1.001201299,1
asang,1,1,1.001270852,1
asawa,1,1,1.001201299,1
asilibrah,1,1,1.001159025,1
aslan,1,1,1,1.002259164
assign,2,1,1.001844538,1
assisting,1,1.003531743,1,1
atliast,1,1,1,1.002198019
atty,5,1,1.002124711,1
atubang,7,1.003344806,1.001892615,1.001992414
atul,3,1,1.001124808,1.002233351
atung,9,1.004545554,1.001395561,1.002831302
awhag,3,1.003711893,1,1.002340689
awtu,2,1,1,1.002570664
ayaw,1,1,1,1.002112417
ayung,4,1.004329246,1.001071661,1
babuy,1,1,1,1.0020334
badlung,3,1.003365577,1.001184859,1.002626029
bagu,1,1,1.001315324,1
bagung,1,1,1.001221026,1
bahad,1,1.003587132,1,1
bahin,1,1.003864076,1,1
bahu,1,1,1.001142898,1
bakwi,1,1,1.001221026,1
bala,1,1,1.001142898,1
balaang,1,1,1.001221026,1
balati,1,1,1.001314029,1
balaud,6,1.004300056,1.001380723,1.002522384
balauran,2,1.003745386,1,1.002259164
balay,3,1.003745386,1,1.002504296
balhin,1,1,1.001131671,1
balibali,1,1,1.001201299,1
balibar,1,1,1.001245138,1
balik,1,1,1,1.002150463
balur,3,1,1.001365697,1.002420542
baluta,1,1,1.001221026,1
bangug,1,1,1.001275278,1
baniug,1,1,1,1.002150463
bantay,1,1.003656368,1,1
bantayan,1,1,1.001546535,1
barangay,7,1.003745386,1.001683844,1.003317752
barriu,1,1,1.001221026,1
basa,2,1,1.001245138,1.0020334
basi,1,1,1.001546535,1
basig,1,1,1,1.002112417
basul,1,1,1.001184859,1
batanung,1,1,1,1.002081289
bati,1,1,1.001626626,1
batu,3,1,1.00184953,1.0022679
batuk,3,1,1.001173822,1.002262473
bayanihung,1,1,1.001221026,1
bayaw,3,1,1.001409865,1
baybay,1,1,1,1.001950224
bayran,1,1.003531743,1,1
biata,1,1,1.001090823,1
biatu,2,1,1.001564366,1
biaz,4,1.003612092,1.001425195,1
biddirs,1,1,1.001184859,1
bidinsiya,4,1.003656368,1.001546535,1.002062055
bigtimi,1,1,1.001245138,1
biktima,3,1.003587132,1,1.002445887
bilanggu,1,1.003344806,1,1
bilyunis,2,1,1.001365697,1.0020334
binipisyu,1,1,1.001546535,1
binuhi,1,1,1.001201299,1
birhin,1,1,1.001221026,1
bisa,6,1.004119083,1.001668349,1.002715852
bisaya,1,1,1.001081523,1
bistu,1,1,1.001071835,1
bitbit,1,1,1.001112523,1
blvd,1,1,1,1.0020334
bruthirinlaw,1,1,1,1.001925649
buanga,1,1,1.001221026,1
bucu,1,1,1.001071835,1
bugas,1,1.003587132,1,1
bugtung,1,1,1,1.002055349
bugyan,1,1.003745386,1,1
buhat,8,1.004694908,1.001508981,1.002489563
buhing,1,1,1.001438032,1
buhis,1,1.003531743,1,1
bujaxhiu,1,1,1.001365697,1
bukas,1,1,1,1.001992414
bukasy,3,1.003531743,1.003174078,1.002340689
buks,1,1,1.001137436,1
buksidur,1,1,1.001275278,1
bulilyasu,1,1,1.001365697,1
buluhat,1,1,1.001170948,1
bumbiru,2,1,1,1.002313664
bungbung,2,1,1.001470975,1.002055349
buntag,4,1,1.001640166,1.002150463
bunu,1,1,1.001201299,1
butang,2,1,1.001221026,1.002081289
butyag,1,1,1.001221026,1
buut,1,1,1,1.002112417
buys,1,1.003864076,1,1
cabadiang,1,1,1.001365697,1
calamba,2,1,1.001245138,1.002112417
caldir,1,1,1.001170948,1
calungsud,1,1,1.001221026,1
caluuc,2,1,1,1.002332198
camumut,2,1,1.002107731,1
candidacy,2,1,1.001611061,1
canur,3,1,1.001469051,1
carcar,2,1,1.001440653,1
carcinugins,1,1,1.001170948,1
carlus,1,1,1.001170948,1
carma,1,1,1.001071835,1
carpiu,2,1,1.001221026,1.001925649
castillu,1,1,1.001081523,1
cayitanu,1,1,1.001546535,1
ccpu,1,1.003365577,1,1
chimicals,3,1,1.00145693,1
cirtificatis,2,1,1.001611061,1
citizins,1,1,1.001365697,1
crami,1,1.003745386,1,1
cruz,1,1,1.001071835,1
csupt,1,1.003656368,1,1
cullictursbagmin,1,1,1,1.002626029
cumilic,2,1,1.001275278,1.002112417
cummissiunirs,1,1,1.001071835,1
cummunitiis,1,1,1.001112523,1
cumpaniis,1,1,1,1.002198019
cumputirizati,3,1.003779758,1.001365697,1
curnbiif,1,1,1.001546535,1
curtisdaluz,1,1,1.001201299,1
cuva,1,1,1.001221026,1
daang,2,1.003745386,1.001221026,1
dagat,1,1.003745386,1,1
dagh,5,1,1.001519636,1.001858998
daghang,5,1,1.001644415,1.002718145
dagkung,2,1,1.001201299,1.002198019
dakbay,2,1,1.001159025,1.002112417
daku,2,1,1.001395415,1
dakung,4,1,1.001448739,1.002163119
dali,1,1,1,1.002626029
daling,2,1,1.001298343,1
dangat,1,1,1.001365697,1
dapit,3,1,1.001438032,1.002354101
datu,1,1,1.001113892,1
daugthirs,1,1,1.001546535,1
dauthtirs,1,1,1.001314029,1
davau,2,1,1.001221026,1.002626029
dawat,2,1,1.001342224,1.002733761
dayung,1,1.004279492,1,1
dgar,1,1,1.001071835,1
diamanti,1,1,1.001081523,1
diay,9,1,1.001688887,1.004145957
didtu,5,1.003864076,1.001661639,1.00519409
dihang,5,1,1.001593315,1.002185022
diin,10,1.004920053,1.001788373,1.002214818
diklarar,5,1,1.001694481,1
diktadur,1,1,1,1.002010947
diktadurya,2,1,1.001221026,1.002112417
dili,27,1.005368932,1.003229444,1.005698432
dilus,2,1,1,1.002332198
dimukrasya,1,1,1.001159025,1
dinakp,1,1,1,1.002112417
dinhi,11,1.004713683,1.001738808,1.002899906
dinnis,1,1,1.001081523,1
dinr,1,1,1,1.00348205
dipindi,2,1,1.001990448,1
diritsu,1,1,1.001190802,1
disisy,1,1,1.001314029,1
dispirsi,1,1,1,1.0020334
disyimbri,1,1,1,1.002055349
diuns,2,1.003745386,1,1.002081289
diusnung,1,1,1.001221026,1
drugas,12,1.00412393,1.001826043,1.00412864
duardu,1,1,1.001081523,1
duaw,1,1,1.001314029,1
duda,1,1,1,1.001895716
dudung,1,1,1.001201299,1
dugay,6,1.003796724,1,1.002663491
dugu,2,1,1.001128542,1.002112417
duguk,1,1,1.001438032,1
duha,5,1,1.001498601,1.003726627
duminggu,1,1,1.001159025,1
dumingu,1,1,1.001112523,1
duna,5,1,1.001420444,1.002543881
dunay,7,1.003426329,1.001991596,1.002112417
dunggu,1,1,1,1.002259164
dunut,1,1,1.001546535,1
duria,2,1.003365577,1,1.002340689
durugista,1,1,1.001201299,1
dusu,1,1.003587132,1,1
dutirti,9,1,1.00169801,1.002552512
duul,2,1.003416705,1,1.0020334
duut,1,1,1.001221026,1
dyrf,1,1,1.001546535,1
facibuuk,3,1,1.001563564,1
factfinding,1,1,1.001148691,1
faild,12,1.003531743,1.002028226,1.002548841
fatima,2,1,1.001872044,1
fidil,1,1,1.001081523,1
filipinus,1,1.003365577,1,1
firdinand,3,1,1.00130883,1
firnandu,1,1,1.001221026,1
fixirs,1,1.003326479,1,1
francis,2,1,1.001398338,1
fuinti,1,1,1.001221026,1
gaani,1,1,1.001365697,1
gabut,1,1,1.001727373,1
gagad,2,1,1.001314029,1.001960236
galing,1,1.003440433,1,1
gamit,2,1,1.001511326,1
gbabag,1,1,1,1.0020334
gbabalaud,1,1,1,1.00291137
gbasi,1,1,1,1.002198019
gbat,1,1,1,1.00234826
gbinuang,1,1,1.001438032,1
gbuut,1,1,1.001438032,1
gdalu,1,1,1.001275278,1
gduda,1,1,1,1.002081289
ghangyu,1,1,1.001245138,1
ghatag,1,1.003745386,1,1
ghikutar,1,1.004279492,1,1
ghinamhinam,1,1,1,1.001925649
gimbistigar,1,1.004694908,1,1
giskwila,1,1.003531743,1,1
gkaatubang,1,1,1,1.002454825
gkabangi,1,1,1.001184859,1
gkansilar,1,1,1.001275278,1
glakip,2,1.003745386,1.001159025,1
glambigit,1,1,1.001438032,1
glaway,1,1,1.001201299,1
glingkud,1,1.003656368,1,1
glutu,1,1,1.001314029,1
gmisa,1,1.003864076,1,1
gpahigay,1,1,1.001275278,1
gpaibabaw,1,1,1.001245138,1
gpaluyu,1,1,1.001184859,1
gpamatuud,1,1.003587132,1,1
gpanuku,1,1.003416705,1,1
gpapatigay,1,1,1.001245138,1
gpapili,1,1,1.001275278,1
gpasabut,1,1,1.001438032,1
gpasiugda,1,1.00344866,1,1
gprissc,1,1,1.001148691,1
gpugung,1,1,1.001275278,1
gpuyu,1,1,1.001365697,1
grabi,1,1,1,1.0020334
gradwadu,1,1,1.001314029,1
grali,1,1,1.001546535,1
grasya,1,1,1.001314029,1
griguriu,1,1,1.001071835,1
gsagubang,1,1,1,1.00291137
gsigi,1,1,1,1.002340689
gsunud,1,1,1.001221026,1
gtanaw,1,1,1.001201299,1
gtangag,1,1,1.001365697,1
gtanum,2,1,1.001782278,1
gtapuk,2,1,1.001502105,1
gtiayung,1,1.003587132,1,1
gtudlu,1,1,1.001201299,1
gtuu,2,1.003587132,1,1.001925649
gubat,1,1,1,1.002112417
gubiyirnu,1,1.003326479,1,1
guihulng,1,1,1.001148691,1
gukud,1,1,1,1.002198019
gumik,5,1,1.001569702,1.00235382
guna,2,1,1.001426775,1.002259164
gunang,1,1,1.001438032,1
gung,2,1,1,1.002030572
gunxha,1,1,1.001365697,1
gupirati,1,1,1,1.0020334
gustung,2,1,1.001445033,1
gusyu,2,1.003745386,1,1.00348205
guthung,1,1,1.001170948,1
guzm,1,1,1.001071835,1
gyud,8,1.003656368,1.001890524,1.003075953
habug,1,1,1.001131671,1
hadluk,1,1,1.001470975,1
hagit,1,1,1.001314029,1
halapad,1,1,1.001170948,1
hambin,1,1,1.001314029,1
handuraw,1,1,1.001314029,1
hangin,1,1,1.001365697,1
hangyu,1,1.003531743,1,1
hatag,4,1,1.001457459,1.002830136
hatud,2,1.003587132,1,1.002259164
hawan,1,1,1,1.002081289
higanting,1,1,1.001201299,1
higay,4,1.003440433,1.001263613,1.002131416
hilariu,1,1,1.001071835,1
hilaw,2,1,1.001201299,1.001960236
hilum,1,1,1.001546535,1
himplu,1,1,1.00208905,1
himu,11,1.004042304,1.002080865,1.002748742
himung,5,1.003745386,1.001398338,1.002492823
himutang,3,1,1.001365697,1.00235382
hinaut,1,1.00344866,1,1
hinimu,2,1.003745386,1.001221026,1
hinu,4,1.003531743,1.001432268,1.002492823
hinungd,3,1,1.001973538,1
hipi,3,1,1.001201299,1.002335217
hirsisyu,1,1,1.001221026,1
hisgut,2,1,1.0013175,1
hitabu,2,1,1.001201299,1.002198019
hitungud,1,1,1.001245138,1
hiyas,1,1,1.001221026,1
hudikatura,1,1.003416705,1,1
hukas,1,1,1.001159025,1
hukum,1,1,1.001546535,1
hulagway,2,1,1.001438032,1.002081289
hulga,1,1,1.001626626,1
hulganza,1,1,1.001201299,1
hulug,1,1.004279492,1,1
hunahuna,2,1,1.001245138,1.002112417
hunung,2,1,1,1.002285924
hurut,1,1,1,1.002340689
hustisiya,1,1,1.001184859,1
huwag,1,1,1,1.00348205
huwibis,1,1,1,1.002150463
hydruginatid,1,1,1.001148691,1
ikug,1,1,1.001438032,1
ilis,1,1.003587132,1,1
inbistigar,1,1,1.001170948,1
ining,4,1.004390542,1.001142898,1.002086952
intirviiw,1,1,1,1.002081289
irini,1,1,1.001081523,1
iskwila,1,1,1.001245138,1
istra,1,1,1.001438032,1
istricampu,1,1,1.001071835,1
isug,1,1,1.001146346,1
ixpiri,1,1,1.001245138,1
judi,1,1,1.001081523,1
juil,2,1.003365577,1.001071835,1
jusi,2,1.003656368,1.001221026,1
juvii,1,1,1,1.002259164
kaaghat,1,1,1.001159025,1
kaapiktu,1,1,1,1.002150463
kaataki,1,1,1,1.002112417
kaayu,4,1,1.001849432,1.0020334
kaayuh,1,1,1.001184859,1
kaayung,1,1,1,1.0020334
kabalik,1,1,1.001245138,1
kabalu,1,1,1,1.002454825
kabay,1,1,1.001190802,1
kabayad,1,1,1.001245138,1
kabig,1,1,1.001315324,1
kabisay,1,1,1,1.002198019
kabisi,1,1,1.001184859,1
kabus,1,1,1.001090823,1
kacumply,1,1,1,1.002081289
kadagh,2,1,1.001377584,1.002183046
kadaghan,1,1,1.001546535,1
kadaghang,1,1,1,1.002198019
kadaku,1,1.003531743,1,1
kadalan,1,1,1.001221026,1
kadalayg,1,1.004694908,1,1
kadaut,1,1,1.001275278,1
kadawat,3,1.003365577,1.001365697,1.002198019
kadayig,1,1,1,1.001918882
kadtu,1,1,1.001124808,1
kadtung,2,1,1.001502105,1
kadugang,1,1.003326479,1,1
kaduhang,1,1,1.001314029,1
kagamhan,1,1,1,1.002198019
kaguba,1,1,1.001275278,1
kaha,8,1,1.001972642,1.002715852
kahadluk,1,1,1.001314029,1
kahagu,1,1,1,1.002626029
kahanay,2,1.003864076,1.001546535,1
kahatag,1,1,1.00208905,1
kahibawu,1,1,1.001148691,1
kahigay,2,1.003326479,1,1.002454825
kahinay,1,1,1.001184859,1
kahinumdum,1,1,1,1.002055349
kahuut,1,1.003531743,1,1
kaib,1,1.003326479,1,1
kaigsu,2,1,1.001644415,1
kaila,2,1.003864076,1.00208905,1
kaimprinta,1,1,1.001221026,1
kaisug,3,1,1.001504329,1.001918882
kakabig,1,1,1.001170948,1
kakulang,1,1.003531743,1,1
kakuli,1,1,1.001314029,1
kakuwang,2,1,1.00126344,1
kalabut,1,1,1.001221026,1
kalampus,1,1,1.001124579,1
kalang,1,1.003864076,1,1
kalibut,2,1,1.001537683,1
kalikay,1,1,1,1.001918882
kalimang,1,1,1.001112523,1
kalimud,1,1,1.001314029,1
kalimut,1,1,1,1.0020334
kalisud,2,1,1.001090823,1.002112417
kaliwat,1,1,1.001221026,1
kalusad,1,1,1.001221026,1
kaluuy,1,1,1.001090823,1
kamatay,2,1.004694908,1,1.002150463
kamatinabang,1,1,1.001438032,1
kamatuur,1,1,1,1.002081289
kamau,1,1.00344866,1,1
kampanya,1,1,1.001275278,1
kana,2,1,1.00126495,1.001992414
kanaku,1,1,1.001201299,1
kanamu,1,1,1,1.0020334
kanang,1,1,1,1.0020334
kanasur,1,1,1.001131671,1
kanatu,1,1.003864076,1,1
kanaug,1,1,1.001159025,1
kandidatura,1,1,1.001184859,1
kang,2,1,1.001148691,1.002055349
kanhi,7,1.00344866,1.001757387,1.002081289
kaniadtu,2,1,1.001497234,1
kaniadtung,3,1,1.001131671,1.002300073
kaniya,2,1,1,1.002613292
kanusa,2,1,1.001937929,1
kapahunung,1,1,1,1.002454825
kapakurat,1,1,1.001314029,1
kapalangay,1,1.003531743,1,1
kapalpak,1,1,1,1.002340689
kapamilya,1,1,1.001314029,1
kapangutana,1,1,1.001365697,1
kapaniguru,1,1,1,1.00519409
kaparat,2,1,1.001221026,1.002112417
kapari,1,1,1.001546535,1
kapasaka,2,1,1.001582703,1
kapasamut,1,1,1.001148691,1
kapaspas,1,1.003326479,1,1
kapataas,1,1,1.001170948,1
kapatay,1,1,1,1.002055349
kaprisintar,1,1,1,1.001925649
kapulis,6,1,1.001499369,1.002941053
kapuy,1,1,1.001438032,1
karni,1,1.003745386,1,1
karung,7,1.003344806,1.001830854,1
kasakit,1,1,1.001245138,1
kasakmit,1,1,1,1.002112417
kasambag,1,1,1,1.0020334
kasamtang,2,1.003864076,1.001546535,1
kasaulug,1,1,1.001112523,1
kasaway,1,1,1,1.002112417
kasaysay,1,1,1.001090823,1
kasingkasing,1,1.003745386,1,1
kasu,4,1.00387559,1.001212746,1
kasugud,1,1.003531743,1,1
kasuku,1,1,1.001245138,1
kasulbad,1,1,1.001245138,1
kasumpu,1,1,1.001546535,1
kasung,2,1.003344806,1,1.00291137
kasunug,1,1,1,1.002340689
kasupurta,1,1,1,1.001925649
kasusyu,1,1,1,1.00348205
kasuway,1,1,1,1.0020334
katabang,1,1,1.001131671,1
katahu,1,1,1.001184859,1
katakda,2,1,1.001283694,1
katawan,1,1,1.001148691,1
katintal,1,1,1.001245138,1
katuig,1,1,1,1.0020334
katuliku,1,1,1.001090823,1
katulu,1,1,1.001546535,1
katuman,1,1,1.001546535,1
katunaw,1,1.004279492,1,1
katungdan,6,1.004022133,1.001613221,1.002055349
katuyu,1,1,1,1.002626029
kaub,1,1,1.001237498,1
kaubang,1,1,1.001201299,1
kaugaling,2,1.003864076,1.001221026,1
kaugma,1,1.003344806,1,1
kauluh,2,1,1.001485125,1
kaung,2,1,1.001522859,1
kaupirati,1,1.003656368,1,1
kausa,1,1,1,1.002198019
kausab,2,1.003587132,1.001159025,1
kauwaw,1,1,1,1.002454825
kawagtang,1,1.003326479,1,1
kawani,2,1.003864076,1.001124579,1
kawat,1,1,1.001314029,1
kaysa,2,1.003745386,1.001245138,1
kayu,1,1,1,1.002150463
kilusang,1,1,1.001159025,1
kimbirly,1,1,1.001081523,1
kinabuhi,2,1.004279492,1.001090823,1
kinahangl,1,1.003587132,1,1
kinataliwad,1,1,1,1.002198019
kini,24,1.00563448,1.00259955,1.00350889
kining,9,1.005248796,1.001878631,1.002321976
kinnith,1,1,1.001245138,1
kinsa,7,1.004025116,1.001877713,1.002830136
kinutub,1,1,1,1.00348205
kirwin,1,1,1,1.001950224
kita,4,1.003864076,1.001377584,1.002228593
kiulus,1,1,1.001159025,1
klasi,1,1,1,1.002340689
kridibilidad,1,1.00344866,1,1
krimin,1,1,1.001275278,1
kristyanismu,1,1,1.001112523,1
kritiku,1,1,1,1.002454825
kuha,3,1,1.002218102,1
kuliksiy,1,1.003326479,1,1
kulkata,1,1,1.00208905,1
kumbati,1,1,1,1.002150463
kumbinsidu,1,1,1.001131671,1
kumpaniya,2,1,1.001580847,1
kumplitung,1,1,1,1.002340689
kung,6,1,1.001696487,1.002376502
kungrisista,2,1.00344866,1.001314029,1
kungrisu,3,1.004694908,1.001314029,1.002112417
kunik,1,1,1.001184859,1
kunsidirasy,1,1,1.001438032,1
kunsigrah,3,1,1.001958683,1
kuntrabandu,1,1,1.001245138,1
kuntrah,1,1,1,1.00291137
kuntrata,1,1,1.001131671,1
kuntrubirsiyal,1,1,1,1.002259164
kurakut,2,1,1.001131671,1.002454825
kurapsy,5,1,1.001315324,1.00289995
kurti,4,1.003753656,1.001548801,1
kusina,2,1,1.001737806,1
kuwang,1,1,1.001173122,1
kuyug,1,1,1.001187555,1
kwarta,1,1.003531743,1,1
labaw,3,1.003892866,1.001314029,1
labay,1,1,1,1.00209126
labid,1,1,1.001071835,1
labing,3,1.00344866,1.001159025,1.001950224
labut,4,1,1.001682437,1.001950224
lacs,9,1.004330425,1.001863283,1.002150463
lagda,2,1.003365577,1,1.002340689
lagi,1,1,1.001546535,1
lagru,1,1,1.001078733,1
lagruh,1,1,1.001314029,1
laing,4,1,1.00207146,1
lainlain,1,1,1.001438032,1
lakip,1,1,1.00106239,1
lalawig,1,1,1,1.002259164
lalim,1,1,1,1.002150463
lalis,1,1,1,1.00519409
lambigit,3,1,1.001446358,1
lami,2,1,1.001411875,1
lamiang,2,1,1.002249232,1
lang,27,1.004576717,1.002920116,1.006069453
langkub,1,1,1.001546535,1
lapad,2,1,1.001190802,1.0020334
lapulapu,2,1,1.001514622,1
larribirt,1,1,1.001071835,1
lata,2,1,1.001657757,1
laumang,1,1,1.001131671,1
lawum,1,1,1,1.0020334
lich,6,1.003994664,1,1.002922336
lichunan,1,1,1,1.002340689
lictiuns,4,1.003745386,1.001510045,1
lidiratu,1,1.003587132,1,1
ligal,2,1,1.001275278,1.002259164
ligung,1,1,1,1.001925649
lihay,1,1,1,1.0020334
lihuk,1,1,1.001275278,1
liksiy,4,1,1.001457633,1.002613292
liksy,1,1,1,1.002055349
limpiyu,2,1,1.00121766,1
limpyu,2,1,1,1.003095168
limt,1,1,1,1.002259164
lina,2,1,1.001393149,1
linaw,1,1.004279492,1,1
lingkud,1,1,1,1.002198019
linibu,1,1,1.001131671,1
lisud,1,1.003864076,1,1
litar,2,1,1.001380723,1
lubngan,1,1,1.001314029,1
lubung,1,1,1,1.002055349
lugarta,1,1,1.001081523,1
lukah,1,1,1,1.002112417
lukat,3,1.004279492,1,1.00235382
lunis,1,1,1.001314029,1
lunita,1,1,1.001131671,1
lupiz,1,1,1.001365697,1
lusad,1,1,1,1.002081289
lutu,1,1.003745386,1,1
luurdis,1,1,1.001438032,1
lvira,1,1,1.001071835,1
lyunis,1,1.003326479,1,1
mantsah,1,1,1.001124579,1
matay,3,1,1.002124711,1.00234826
mbala,1,1,1.001071835,1
mbistigasy,3,1.003745386,1.001324218,1
mbua,1,1,1.001081523,1
minti,1,1,1.001245138,1
mpiksy,1,1,1.001221026,1
mpliyadu,1,1.003587132,1,1
mpurtasy,1,1.003531743,1,1
mudagh,1,1,1.001314029,1
mudawat,1,1,1.001275278,1
mudilu,1,1,1.001090823,1
mudipinsa,1,1,1.001221026,1
mudiritsu,1,1,1.001245138,1
mudirnu,1,1,1.001124579,1
mugamit,1,1,1.001314029,1
mugawas,1,1,1,1.001960236
muhatag,1,1,1.001365697,1
muhukum,1,1,1,1.00291137
muing,1,1,1,1.002112417
muiskwila,1,1,1,1.002340689
mukita,1,1,1,1.002454825
mukuyug,1,1,1.001314029,1
mumartsa,2,1,1.001457633,1
mung,1,1,1,1.002163081
munumintu,1,1,1.001221026,1
mupahibalu,1,1,1.001221026,1
mupasiugda,1,1.003326479,1,1
mupatum,1,1.004030242,1,1
murag,1,1,1,1.00291137
musaka,1,1,1,1.002112417
musangat,1,1.003864076,1,1
musugut,1,1,1,1.0020334
musukul,3,1.003656368,1,1.002830136
musunud,2,1,1.001502105,1
mutabang,3,1.003864076,1.001478387,1
mutambung,1,1,1.001131671,1
mutibu,1,1,1,1.001918882
mutugpa,1,1,1.001221026,1
mutum,2,1,1,1.002974699
mutuu,2,1,1,1.002573136
muubsirbar,1,1,1,1.002454825
muunay,1,1,1.001221026,1
narbahu,1,1,1.001314029,1
nbistigasy,1,1,1,1.0020334
ndaui,1,1,1.001245138,1
nday,1,1,1.001201299,1
ndipindincia,1,1,1.001221026,1
nfurcir,2,1.004030242,1,1.002340689
ngaayu,1,1,1.001314029,1
ngadtu,8,1.003938109,1.001656277,1.002570664
ngaging,2,1,1,1.002420542
ngal,2,1,1.001385329,1
ngalagad,1,1,1.001314029,1
nganu,2,1,1.001527431,1
nganung,4,1.004279492,1.001727373,1.002830136
ngataki,1,1,1,1.002112417
ngau,1,1,1.001131671,1
nggagawa,1,1,1.001159025,1
nggang,1,1,1.001201299,1
ngganyu,1,1,1.001245138,1
nghakut,1,1,1,1.002081289
nghinaut,2,1,1.001737806,1
nginahangl,1,1,1.001090823,1
nglis,2,1.004030242,1,1.002340689
ngriklamu,1,1,1,1.0020334
ngunay,1,1.003587132,1,1
ngung,1,1,1,1.001950224
ngutana,1,1,1.001124163,1
nkasu,1,1,1,1.0020334
npurmasy,2,1.003587132,1.001365697,1
ntaw,1,1,1.001377584,1
ntigu,1,1.00344866,1,1
ntika,1,1,1.001148691,1
nting,1,1,1.001173822,1
ntiris,1,1,1.001184859,1
ntirnit,1,1,1.001245138,1
ntrah,1,1,1.001438032,1
nukad,1,1,1.001546535,1
nuktuk,1,1,1.001245138,1
numanu,1,1,1.001438032,1
nuudlis,1,1.003587132,1,1
nyung,1,1,1,1.00348205
nyur,1,1,1.001201299,1
paabut,2,1.003531743,1.001148691,1
paambit,1,1,1.001314029,1
pabarug,3,1,1.001830741,1
paday,1,1.003344806,1,1
padayung,1,1,1.001201299,1
padulung,3,1,1.001583798,1
paduul,1,1.003416705,1,1
pahibawu,2,1,1.001502105,1
pahigay,4,1,1.001703836,1
pahimangnu,1,1,1,1.002198019
pahunung,1,1.003745386,1,1
pakauwaw,1,1,1.001159025,1
pakigbatuk,2,1,1.001275278,1.001918882
pakigbisug,1,1,1.001221026,1
pakita,2,1,1.001221026,1.001918882
pakuyug,4,1,1.001834157,1.00291137
pakyas,2,1,1.001170948,1.002081289
palabi,1,1,1.001184859,1
palagput,2,1.003531743,1.001124579,1
palami,1,1,1.001170948,1
palayu,1,1,1,1.002081289
palibut,1,1,1.001221026,1
palpak,1,1,1,1.002131416
palusut,2,1.003326479,1,1.0020334
pamaagi,1,1.00344866,1,1
pamahayag,1,1,1.001201299,1
pamantala,1,1.003587132,1,1
pamatuud,1,1,1,1.002626029
pamiluk,1,1,1,1.002454825
pamilya,2,1,1.001395415,1.001918882
pamilyang,2,1,1.001626626,1
pampi,1,1,1.001245138,1
pamulung,1,1,1.001314029,1
panabaku,1,1,1.001221026,1
panagiya,1,1,1.001184859,1
panah,2,1,1.001221026,1.002112417
panamin,1,1,1.001090823,1
pananglit,2,1.003587132,1.001365697,1
panawag,2,1,1.00141453,1
panfilu,2,1.003847623,1,1
pangagda,1,1,1.001438032,1
pangakusah,1,1,1.001221026,1
pangandam,3,1,1.001207283,1.002131416
pangandamam,1,1,1,1.002626029
panganduy,1,1,1,1.002454825
pangawat,1,1,1,1.002112417
pangdapat,1,1,1.001201299,1
pangka,1,1,1.001221026,1
panglabay,1,1,1,1.0020334
pangpangrunda,1,1,1.001365697,1
pangtakda,1,1,1.001131671,1
pangulu,1,1.003656368,1,1
panguluh,2,1,1.001201299,1.002055349
pangunay,1,1,1.001438032,1
pangurakut,1,1,1.001184859,1
pangutana,6,1,1.002195003,1.0020334
panguwarta,1,1.003531743,1,1
panimalay,2,1,1.001844538,1
panlaktud,1,1.003326479,1,1
panlantaw,1,1,1.001314029,1
panuburnu,1,1,1,1.002454825
papas,1,1,1.001124579,1
papil,1,1,1.001377584,1
papilis,1,1,1,1.002198019
parat,1,1,1.001128542,1
parihas,1,1,1.001314029,1
parilibu,1,1.003745386,1,1
parilibuh,1,1,1,1.002055349
parking,1,1,1,1.0020334
partidu,1,1,1.001159025,1
parujinug,1,1,1.001201299,1
parukya,1,1,1.001112523,1
pasabut,5,1,1.001553602,1.002801838
pasaka,1,1,1.001113892,1
pasalig,2,1.003326479,1,1.001925649
pasanginl,2,1,1.001184859,1.001960236
pasar,4,1.003745386,1.002232022,1
pasaylu,3,1.004119083,1,1.00348205
pasida,1,1,1,1.002112417
pasilung,1,1,1.001546535,1
pasirad,2,1.00552574,1,1.002259164
patatas,1,1,1.001148691,1
patay,4,1,1.001201299,1.002743006
patum,2,1.00364744,1,1
paturagas,1,1,1.001221026,1
paulu,4,1,1.001360604,1.002123834
payuhut,1,1.003531743,1,1
phillip,1,1,1.001365697,1
pidru,1,1,1.001221026,1
piktu,2,1,1.001611061,1
pildi,2,1,1.001269544,1
pilipinas,1,1,1.001112523,1
pilipinu,1,1,1.001201299,1
pinawin,1,1,1.001071835,1
piniritu,1,1,1.001148691,1
pipila,3,1.003531743,1,1.002123834
pirsunal,1,1.003587132,1,1
piru,5,1,1.001522859,1.002362162
pisticidis,1,1,1.001201299,1
pisus,2,1,1,1.002420542
pitsa,1,1,1.001159025,1
plantir,1,1.003656368,1,1
planu,2,1,1.001148691,1.002454825
priparar,1,1,1,1.0020334
pris,3,1,1.001199537,1.001968818
prisidinti,7,1,1.00195321,1.002314466
prisinta,1,1,1.001148691,1
prisintar,2,1.003531743,1,1.00209126
prisintasy,1,1,1,1.001960236
prisirvativis,1,1,1.001170948,1
priskung,2,1.004196643,1,1
pruduktu,1,1,1,1.002626029
prutihir,1,1.00344866,1,1
prutista,4,1,1.001347369,1.002300073
pruyiktu,3,1,1.001779071,1
publiku,1,1.003587132,1,1
publisidad,1,1,1.001201299,1
pugng,1,1,1.001365697,1
pukim,2,1.003365577,1.001275278,1
puli,1,1,1.001161938,1
pulis,12,1.003886403,1.003184598,1.003378279
pulitiku,1,1,1,1.002081289
pulus,2,1,1.001314029,1.002198019
pumucinu,1,1,1.001071835,1
punit,1,1,1,1.002112417
punta,1,1,1.001131671,1
punung,1,1,1.001201299,1
purnada,2,1,1,1.002761297
purts,1,1,1.001170948,1
puru,1,1,1.001365697,1
pusas,1,1,1,1.002454825
pusibli,1,1,1,1.002454825
pusil,1,1.003656368,1,1
pust,1,1,1.001170948,1
putla,1,1.003745386,1,1
putulputul,1,1.003531743,1,1
puyu,1,1,1,1.002259164
radyu,1,1.003587132,1,1
raiding,1,1,1.001314029,1
rali,2,1,1.001270852,1.0020334
rapung,1,1,1.001201299,1
rardu,1,1,1.001071835,1
raval,1,1,1.001071835,1
rcillana,1,1,1.001081523,1
rcus,3,1,1.001247308,1.002055349
ribily,1,1,1,1.00291137
ricu,1,1,1,1.001968818
ricus,6,1.003994664,1,1.00301272
rigalu,1,1,1,1.002198019
rikisitus,1,1,1,1.002081289
risgu,1,1,1.001170948,1
risi,1,1,1,1.002043371
rispunsabilidad,1,1.003587132,1,1
risulta,1,1,1.001148691,1
ritiradung,1,1,1.001314029,1
ritis,1,1,1.001071835,1
riyalidad,1,1,1.001184859,1
riynaldu,1,1,1.001201299,1
rtial,1,1,1,1.00291137
ruadshuw,1,1,1.001159025,1
rubin,1,1,1.001081523,1
rudrigu,3,1,1.00126344,1.001918882
rudy,2,1,1,1.002423984
rufinu,1,1.00344866,1,1
rulandu,1,1,1,1.001950224
rumanu,1,1,1,1.002055349
runda,1,1,1.001190802,1
rusariu,2,1,1.001485125,1
ruzzanu,1,1.00344866,1,1
sabatir,1,1,1.001081523,1
sabut,1,1.003531743,1,1
sabutahi,1,1,1.001131671,1
sagul,1,1,1.001170948,1
sagup,1,1,1,1.002340689
sakit,4,1,1.001636715,1
sakmit,1,1,1,1.002131416
saksi,2,1,1,1.002830136
saktu,1,1.003656368,1,1
sakup,5,1.003531743,1.001365697,1.00274712
sama,5,1.003656368,1.003805747,1.002340689
samut,1,1.003864076,1,1
sangab,1,1,1.001170948,1
sangku,2,1,1.003174078,1.0020334
sanlakas,2,1,1.001624037,1
santa,2,1,1.001398338,1
santus,7,1,1.001522084,1.002916486
sanu,2,1,1.001737806,1
sapa,1,1,1,1.0020334
sardinas,1,1.003587132,1,1
sayang,1,1.004279492,1,1
sayr,2,1.003587132,1.001221026,1
sayud,1,1,1.001438032,1
sayup,2,1.003587132,1.001314029,1
scariu,1,1,1,1.0020334
shabu,5,1,1.001365697,1.002663491
sidinti,1,1,1.00108176,1
siguridad,1,1,1.001438032,1
siguru,1,1,1.001438032,1
sikritu,1,1,1,1.0020334
sila,22,1.004248785,1.003270239,1.003642042
silang,2,1,1,1.002420542
silay,1,1,1.001438032,1
silibrasy,1,1,1.001131671,1
siling,1,1,1,1.0020334
simana,1,1.003864076,1,1
simbah,1,1,1.001315324,1
simbahang,1,1,1.001090823,1
sinadu,8,1.003440433,1.001993996,1.002813938
sinadur,5,1.003531743,1.001336077,1.00211812
singkasing,1,1.003711893,1,1
sintru,2,1.003864076,1.001201299,1
siptimbri,1,1,1.001148691,1
siptiyimbri,4,1,1.001605547,1
sirinu,3,1.003531743,1.001511,1
siryusung,1,1,1,1.001925649
sistima,5,1.003892866,1.001626626,1.002626029
sitiu,3,1,1.002560535,1
sitwasy,3,1,1.002328652,1
sivilla,1,1,1.001365697,1
siyag,1,1,1,1.00291137
siyam,2,1,1.001727373,1
siyay,2,1,1,1.002144585
skina,1,1,1,1.0020334
skwilah,2,1,1.001245138,1.002340689
smugglid,1,1,1,1.002454825
spanya,1,1,1.001112523,1
spinidu,3,1.004279492,1.00208905,1.002259164
spinu,3,1.003656368,1.001221026,1.00234826
spinusa,2,1,1,1.002490868
ssiunariis,1,1,1.001314029,1
statuwa,1,1,1.001131671,1
strilla,1,1,1.001071835,1
studyanti,2,1,1.001201299,1.002150463
sturya,1,1,1.001546535,1
subay,1,1,1.001546535,1
subrang,1,1,1.001221026,1
suburnu,2,1,1.001081523,1.002198019
sugbu,20,1.004458407,1.002294918,1.00410358
sugbuan,2,1,1.001360604,1
sugd,2,1,1.001408714,1
sugu,1,1,1.001221026,1
sugyut,1,1,1.001124579,1
suhitu,1,1.004279492,1,1
sukul,1,1.003656368,1,1
sulbad,2,1.003531743,1,1.002626029
sulidu,1,1,1,1.001960236
sulir,3,1.003745386,1.001245138,1.002112417
sulti,1,1,1.001365697,1
sulud,6,1,1.00136762,1.00289995
sumbag,1,1,1.001275278,1
sumpu,2,1,1.001345476,1
sund,1,1,1.001184859,1
sundalu,1,1,1,1.002081289
sunud,6,1,1.002256923,1.0020334
sunudsunud,1,1,1.001201299,1
sunug,5,1,1.001438032,1.00312551
supt,2,1,1.001221026,1.002454825
susi,2,1.003531743,1,1.002259164
suta,1,1,1,1.002340689
suuka,1,1,1.001314029,1
suwat,1,1,1.001245138,1
suway,2,1,1.001184859,1.0020334
syudad,2,1,1.001546535,1.002259164
taas,2,1.003745386,1.001128542,1
tabang,4,1.003440433,1.001320709,1
taga,3,1,1.001407275,1.002059135
tagad,2,1,1.001459002,1
tagana,1,1,1,1.0020334
tagdumala,1,1,1.001546535,1
tagiya,2,1,1.001245138,1.002081289
taguba,3,1,1.001457633,1
tahas,1,1,1.001546535,1
takda,1,1.003531743,1,1
talamb,1,1,1,1.002259164
taliu,1,1,1.001071835,1
talus,1,1,1.001071835,1
tambayayung,1,1,1.001159025,1
tambuk,1,1,1.001221026,1
tamd,1,1.003587132,1,1
tanang,5,1.003889939,1.001124579,1.002081289
tanawa,1,1,1,1.0020334
tanggung,2,1.004279492,1,1
tangkud,1,1,1.001245138,1
tanyag,1,1,1.001245138,1
tapt,1,1,1.001201299,1
tarung,2,1.008123113,1,1
tatad,1,1,1.001081523,1
tawag,3,1,1.001170948,1.002974699
tawu,7,1.00360096,1.002152788,1.002150463
tibuuk,4,1,1.001737806,1.002472171
tigdipinsa,1,1,1,1.002198019
tighatag,1,1,1.001081523,1
tigum,1,1.003531743,1,1
tiijay,1,1,1.001081523,1
tilibisy,1,1.003587132,1,1
tima,1,1,1.001082299,1
timilimi,1,1,1.001365697,1
tindah,1,1,1.001159025,1
tinguha,1,1.003416705,1,1
tinsy,1,1,1,1.0020334
tinubd,2,1.003531743,1.001438032,1
tinudanay,1,1,1,1.001918882
tinugyan,1,1,1,1.002198019
tinuud,4,1,1.001526247,1.002198019
tinuuray,1,1.003531743,1,1
tirisa,4,1,1.001986855,1
tirisi,1,1,1.001314029,1
tita,1,1,1.001081523,1
tiufilu,1,1,1.001201299,1
tivis,1,1,1,1.002626029
tiwas,1,1.003531743,1,1
tizins,1,1,1.001270852,1
trabahu,5,1.003679957,1.001764444,1
trabahua,1,1,1.001727373,1
trak,1,1,1,1.0020334
trampas,1,1,1,1.002626029
transaksiy,2,1.003612092,1,1
transfat,1,1,1.001148691,1
transhipmint,1,1,1,1.002340689
trapiku,2,1.003365577,1,1.002340689
tratah,1,1.003531743,1,1
tratis,1,1,1.001170948,1
triasurirs,1,1,1,1.002454825
tribukar,1,1,1,1.002198019
trillanis,7,1.00344866,1.00157688,1.002158557
trubank,1,1.003365577,1,1
trunil,1,1,1.001071835,1
tubag,5,1,1.002027858,1.002454825
tubig,2,1,1.001081523,1.0020334
tugut,1,1.003531743,1,1
tuig,10,1,1.002706789,1
tuiga,1,1.004694908,1,1
tukma,1,1.003531743,1,1
tukud,2,1.003531743,1.001314029,1
tulu,1,1,1,1.002055349
tumaw,2,1,1,1.00211812
tumbuk,1,1,1.001245138,1
tumung,1,1,1,1.002454825
tung,1,1,1.001130615,1
tungud,13,1.00360096,1.002314983,1.002949056
tunul,1,1,1,1.00291137
tuslub,1,1,1.001201299,1
tuud,1,1,1,1.001895716
uakwuud,1,1,1,1.002081289
ubang,4,1.003440433,1.00108176,1.002250646
ubra,1,1,1,1.002112417
ubus,2,1.003745386,1,1.002259164
ugdaw,1,1,1,1.002150463
ugkat,1,1,1.001131671,1
ugma,1,1,1,1.002150463
ukiy,2,1.008018237,1.001438032,1
uktaba,4,1.003869437,1.001201299,1.002198019
uktubri,1,1,1.001438032,1
ulbu,2,1,1.001201299,1.002055349
umaabut,1,1,1.001201299,1
umagad,1,1.003745386,1,1
unang,5,1,1.001314555,1.002233351
undang,1,1,1.001159025,1
unibirsidad,1,1,1.001201299,1
unipurmi,1,1,1,1.002340689
unlini,1,1.00344866,1,1
unsa,5,1,1.001564366,1.002223903
unta,8,1.004694908,1.001312032,1.002713381
unum,3,1.003864076,1.001287828,1
upirasy,3,1,1.001407299,1.002626029
upisina,2,1,1.001657757,1
upisyal,5,1.003864076,1.001385329,1.002454825
uras,2,1,1.001221026,1.002150463
urdinah,1,1,1.001546535,1
usab,12,1.004390542,1.003067619,1.002347921
usmia,2,1,1.001221026,1.0020334
uzamiz,3,1,1.001793133,1.002259164
valladulid,1,1,1.001314029,1
villigasusmina,1,1.003745386,1,1
visayas,1,1,1,1.001950224
vivu,1,1,1,1.0020334
wagtang,1,1,1,1.002454825
wala,13,1.003917686,1.002061636,1.004349087
walay,5,1.004458407,1.001184859,1.002733761
watching,1,1,1.001314029,1
wriathlaying,1,1,1.001221026,1
wung,1,1,1.001081523,1
xxiii,1,1,1.001221026,1
yagyag,2,1,1.001438032,1.0020334
yang,38,1.004489801,1.003875108,1.004219388
yanu,1,1.003416705,1,1
yirkulis,3,1.003531743,1.001314029,1.002112417
yith,1,1.003587132,1,1
zsai,1,1,1.001071835,1
